Date/Time From,Date/Time To,App Registrations,QR Codes Generated,NZBN Registered Businesses,Scans,Manual Entries,Active Devices,Bluetooth Active (24hr)
19/05/2020 12:00,20/05/2020 12:00,"92,595",,,"1,407",0,,
20/05/2020 12:00,21/05/2020 12:00,"143,405","5,800","11,411","11,411",0,,
21/05/2020 12:00,22/05/2020 12:00,"57,000","4,892","23,561","23,561",0,,
22/05/2020 12:00,23/05/2020 12:00,"31,000","1,528","30,275","30,275",0,,
23/05/2020 12:00,24/05/2020 12:00,"30,000",,,"31,444",0,,
24/05/2020 12:00,25/05/2020 12:00,"26,000",,,"29,426",0,,
25/05/2020 12:00,26/05/2020 12:00,"25,000","3,330",,"31,629",0,,
26/05/2020 12:00,27/05/2020 12:00,"17,000","1,510",,"36,794",0,,
27/05/2020 12:00,28/05/2020 12:00,"14,000","1,200",,"39,216",0,,
28/05/2020 12:00,29/05/2020 12:00,"10,000","1,270",,"43,473",0,,
29/05/2020 12:00,30/05/2020 12:00,"12,000",,,"48,091",0,,
30/05/2020 12:00,31/05/2020 12:00,"10,000","1,097","10,679","51,353",0,,
31/05/2020 12:00,1/06/2020 12:00,"8,000",,,"41,061",0,,
1/06/2020 12:00,2/06/2020 12:00,"6,000",588,301,"41,382",0,,
2/06/2020 12:00,3/06/2020 12:00,"5,000","2,797",,"39,801",0,,
3/06/2020 12:00,4/06/2020 12:00,"8,000",,,"43,562",0,,
4/06/2020 12:00,5/06/2020 12:00,"6,000","8,061","4,805","45,368",0,,
5/06/2020 12:00,6/06/2020 12:00,"10,645",,,"49,272",0,,
6/06/2020 12:00,7/06/2020 12:00,"5,355",,,"50,110",0,,
7/06/2020 12:00,8/06/2020 12:00,"5,000","5,431","2,722","47,585",0,,
8/06/2020 12:00,9/06/2020 12:00,"13,000","3,199","1,227","43,688",0,,
9/06/2020 12:00,10/06/2020 12:00,"6,000","2,619",805,"41,358",0,,
10/06/2020 12:00,11/06/2020 12:00,"5,000","1,778",368,"40,404",0,,
11/06/2020 12:00,12/06/2020 12:00,"4,000","1,600",193,"36,798",0,,
12/06/2020 12:00,13/06/2020 12:00,"2,000",777,330,"30,559",0,,
13/06/2020 12:00,14/06/2020 12:00,"2,000",358,171,"26,429",0,,
14/06/2020 12:00,15/06/2020 12:00,"3,000","1,038",435,"26,643",0,,
15/06/2020 12:00,16/06/2020 12:00,"1,000","3,480","1,877","27,261",0,,
16/06/2020 12:00,17/06/2020 12:00,"4,000","4,199","1,729","33,006",0,,
17/06/2020 12:00,18/06/2020 12:00,"3,000","3,136",975,"35,471",0,,
18/06/2020 12:00,19/06/2020 12:00,"4,000","2,491",815,"34,190",0,,
19/06/2020 12:00,20/06/2020 12:00,"2,000",878,352,"24,013",0,,
20/06/2020 12:00,21/06/2020 12:00,"2,000",103,61,"15,887",0,,
21/06/2020 12:00,22/06/2020 12:00,"3,000",516,180,"18,053",0,,
22/06/2020 12:00,23/06/2020 12:00,"1,000","10,081",259,"19,599",0,,
23/06/2020 12:00,24/06/2020 12:00,"2,000",790,212,"19,166",0,"12,169",
24/06/2020 12:00,25/06/2020 12:00,"1,000",284,118,"17,782",0,"13,146",
25/06/2020 12:00,26/06/2020 12:00,"1,000",316,97,"16,176",0,"11,988",
26/06/2020 12:00,27/06/2020 12:00,"1,000",138,58,"12,096",0,"9,009",
27/06/2020 12:00,28/06/2020 12:00,"1,000",31,19,"9,925",0,"7,329",
28/06/2020 12:00,29/06/2020 12:00,"1,000",,,"11,887",0,"9,336",
29/06/2020 12:00,30/06/2020 12:00,"1,000",460,189,"12,878",0,"9,692",
30/06/2020 12:00,1/07/2020 12:00,"1,000",150,48,"12,917",0,"9,676",
1/07/2020 12:00,2/07/2020 12:00,"1,000",228,87,"12,244",0,"9,175",
2/07/2020 12:00,3/07/2020 12:00,500,97,41,"13,197",0,"8,867",
3/07/2020 12:00,4/07/2020 12:00,500,61,28,"9,985",0,"6,838",
4/07/2020 12:00,5/07/2020 12:00,800,25,13,"7,966",0,"5,399",
5/07/2020 12:00,6/07/2020 12:00,,,,"12,549",0,"6,842",
6/07/2020 12:00,7/07/2020 12:00,"1,200",753,108,"13,759",0,"7,153",
7/07/2020 12:00,8/07/2020 12:00,"1,000",134,33,"14,858",0,"7,330",
8/07/2020 12:00,9/07/2020 12:00,"1,000",131,46,"16,310",0,"7,528",
9/07/2020 12:00,10/07/2020 12:00,700,104,52,"17,564",0,"7,491",
10/07/2020 12:00,11/07/2020 12:00,,,,"14,737",0,"6,039",
11/07/2020 12:00,12/07/2020 12:00,,,,"12,079",0,"4,800",
12/07/2020 12:00,13/07/2020 12:00,"1,300",105,58,"14,403",0,"5,982",
13/07/2020 12:00,14/07/2020 12:00,,,,"17,100",0,"6,959",
14/07/2020 12:00,15/07/2020 12:00,"2,000",364,156,"18,663",0,"7,156",
15/07/2020 12:00,16/07/2020 12:00,"11,000",882,431,"25,720",0,"9,937",
16/07/2020 12:00,17/07/2020 12:00,"4,500",682,357,"31,928",0,"11,907",
17/07/2020 12:00,18/07/2020 12:00,,,,"27,267",0,"9,746",
18/07/2020 12:00,19/07/2020 12:00,,,,"22,252",0,"7,823",
19/07/2020 12:00,20/07/2020 12:00,"3,900",411,225,"24,049",0,"8,916",
20/07/2020 12:00,21/07/2020 12:00,900,227,111,"25,079",0,"9,135",
21/07/2020 12:00,22/07/2020 12:00,900,188,88,"23,687",0,"8,730",
22/07/2020 12:00,23/07/2020 12:00,800,145,83,"24,162",0,"17,791",
23/07/2020 12:00,24/07/2020 12:00,800,206,87,"24,078",0,"17,615",
24/07/2020 12:00,25/07/2020 12:00,,,,"21,129",0,"15,500",
25/07/2020 12:00,26/07/2020 12:00,,,,"17,980",0,"13,074",
26/07/2020 12:00,27/07/2020 12:00,"1,200",120,60,"20,091",0,"15,041",
27/07/2020 12:00,28/07/2020 12:00,500,108,51,"21,466",0,"15,722",
28/07/2020 12:00,29/07/2020 12:00,500,151,47,"22,036",5,"16,139",
29/07/2020 12:00,30/07/2020 12:00,400,"1,239",36,"22,130",28,"16,060",
30/07/2020 12:00,31/07/2020 12:00,"1,000",121,41,"21,105","3,591","15,269",
31/07/2020 12:00,1/08/2020 12:00,,,,"17,475","6,226","12,434",
1/08/2020 12:00,2/08/2020 12:00,,,,"16,428","7,922","11,466",
2/08/2020 12:00,3/08/2020 12:00,"4,000",252,137,"19,402","6,866","13,905",
3/08/2020 12:00,4/08/2020 12:00,"1,500",269,96,"21,568","7,493","15,135",
4/08/2020 12:00,5/08/2020 12:00,"2,800",408,205,"25,254","10,269","17,702",
5/08/2020 12:00,6/08/2020 12:00,"6,400",942,542,"32,169","28,747","22,353",
6/08/2020 12:00,7/08/2020 12:00,"4,300","1,945",456,"37,806","22,672","25,533",
7/08/2020 12:00,8/08/2020 12:00,,,,"33,792","18,862","22,898",
8/08/2020 12:00,9/08/2020 12:00,,,,"29,357","16,784","19,825",
9/08/2020 12:00,10/08/2020 12:00,"5,000",703,342,"30,663","14,713","21,764",
10/08/2020 12:00,11/08/2020 12:00,"1,600",664,189,"33,283","14,842","23,030",
11/08/2020 12:00,12/08/2020 12:00,"105,000","13,932","7,486","147,716","127,453","101,234",
12/08/2020 12:00,13/08/2020 12:00,"233,200","37,295","19,916","452,641","190,504","247,810",
13/08/2020 12:00,14/08/2020 12:00,"186,600","32,736","15,423","833,275","180,634","394,899",
14/08/2020 12:00,15/08/2020 12:00,"130,400","14,926","6,351","982,418","156,551","447,043",
15/08/2020 12:00,16/08/2020 12:00,"71,000","7,025","2,656","897,807","102,839","412,493",
16/08/2020 12:00,17/08/2020 12:00,"68,100","16,761","7,762","977,519","101,103","481,598",
17/08/2020 12:00,18/08/2020 12:00,"56,700","23,831","7,749","1,130,847","96,372","530,093",
18/08/2020 12:00,19/08/2020 12:00,"57,100","32,040","5,890","1,242,893","97,203","564,225",
19/08/2020 12:00,20/08/2020 12:00,"70,400","26,187","6,142","1,433,034","95,562","627,665",
20/08/2020 12:00,21/08/2020 12:00,"48,100","11,226","2,713","1,596,685","84,634","662,617",
21/08/2020 12:00,22/08/2020 12:00,"37,400","5,668","1,305","1,613,539","78,320","693,138",
22/08/2020 12:00,23/08/2020 12:00,"32,000","1,489",439,"1,427,246","65,951","631,204",
23/08/2020 12:00,24/08/2020 12:00,"31,300","5,130","1,400","1,418,626","63,703","664,918",
24/08/2020 12:00,25/08/2020 12:00,"44,600","4,991",977,"1,537,381","69,445","701,100",
25/08/2020 12:00,26/08/2020 12:00,"28,700","4,062",712,"1,647,297","65,433","740,358",
26/08/2020 12:00,27/08/2020 12:00,"34,400","3,681",731,"1,748,994","68,143","773,863",
27/08/2020 12:00,28/08/2020 12:00,"25,400","5,640",634,"1,801,862","62,210","786,779",
28/08/2020 12:00,29/08/2020 12:00,"10,700","1,325",122,"1,852,088","58,141","800,732",
29/08/2020 12:00,30/08/2020 12:00,"21,700","1,249",229,"1,590,748","47,831","713,879",
30/08/2020 12:00,31/08/2020 12:00,"45,500","6,082","1,866","1,772,243","60,868","830,505",
31/08/2020 12:00,1/09/2020 12:00,"36,500","2,079",403,"2,138,831","75,429","909,813",
1/09/2020 12:00,2/09/2020 12:00,"27,400","6,262",996,"2,184,509","71,267","926,782",
2/09/2020 12:00,3/09/2020 12:00,"23,700","3,111",482,"2,318,629","71,561","966,795",
3/09/2020 12:00,4/09/2020 12:00,"20,000","2,794",397,"2,412,880","67,715","980,014",
4/09/2020 12:00,5/09/2020 12:00,"12,800",684,84,"2,509,514","67,834","999,525",
5/09/2020 12:00,6/09/2020 12:00,"18,600",740,139,"2,234,468","55,398","906,369",
6/09/2020 12:00,7/09/2020 12:00,"20,200","1,840",348,"2,032,993","52,677","906,313",
7/09/2020 12:00,8/09/2020 12:00,"10,900","2,136",243,"2,070,616","51,374","912,710",
8/09/2020 12:00,9/09/2020 12:00,"10,400","1,674",199,"2,098,333","55,721","916,476",
9/09/2020 12:00,10/09/2020 12:00,"10,600","1,494",184,"2,135,053","62,424","920,990",
10/09/2020 12:00,11/09/2020 12:00,"9,400","1,611",179,"2,215,578","57,151","939,965",
11/09/2020 12:00,12/09/2020 12:00,"4,000",358,41,"2,045,714","52,898","870,464",
12/09/2020 12:00,13/09/2020 12:00,"8,700",470,56,"1,754,649","43,056","753,980",
13/09/2020 12:00,14/09/2020 12:00,"10,918","1,131",207,"1,632,141","44,914","743,107",
14/09/2020 12:00,15/09/2020 12:00,"7,282","1,590",155,"1,590,278","46,355","721,328",
15/09/2020 12:00,16/09/2020 12:00,"6,400","3,160",119,"1,691,362","44,208","747,640",
16/09/2020 12:00,17/09/2020 12:00,"6,100","2,153",138,"1,727,487","44,431","755,486",
17/09/2020 12:00,18/09/2020 12:00,"5,400","1,248",102,"1,727,698","43,431","747,912",
18/09/2020 12:00,19/09/2020 12:00,0,0,0,"1,717,690","38,983","735,822",
19/09/2020 12:00,20/09/2020 12:00,0,0,0,"1,540,306","32,678","666,502",
20/09/2020 12:00,21/09/2020 12:00,"14,500","1,723",172,"1,441,958","33,814","672,636",
21/09/2020 12:00,22/09/2020 12:00,"3,800",982,100,"1,342,936","34,714","634,998",
22/09/2020 12:00,23/09/2020 12:00,"3,200",893,86,"1,182,778","34,300","567,223",
23/09/2020 12:00,24/09/2020 12:00,"3,400",915,77,"1,160,049","34,974","555,593",
24/09/2020 12:00,25/09/2020 12:00,"13,000",987,81,"1,190,245","41,140","554,380",
25/09/2020 12:00,26/09/2020 12:00,,,,"1,222,948","40,585","556,310",
26/09/2020 13:00,27/09/2020 13:00,,,,"1,068,564","33,305","484,371",
27/09/2020 13:00,28/09/2020 13:00,"9,000","1,664",180,"1,000,156","30,202","480,492",
28/09/2020 13:00,29/09/2020 13:00,"2,300",866,68,"1,000,706","30,455","476,854",
29/09/2020 13:00,30/09/2020 13:00,"2,000","1,469",92,"1,032,568","31,246","488,171",
30/09/2020 13:00,1/10/2020 13:00,"2,000","1,067",62,"1,033,532","31,190","486,281",
1/10/2020 13:00,2/10/2020 13:00,"2,000",906,66,"1,048,077","31,816","483,427",
2/10/2020 13:00,3/10/2020 13:00,900,237,27,"1,018,818","30,267","465,220",
3/10/2020 13:00,4/10/2020 13:00,"1,800",298,26,"865,696","25,454","411,990",
4/10/2020 13:00,5/10/2020 13:00,"2,800",983,66,"879,504","26,468","430,658",
5/10/2020 13:00,6/10/2020 13:00,"2,000",991,52,"930,913","30,458","445,183",
6/10/2020 13:00,7/10/2020 13:00,"1,100",812,56,"931,114","27,730","443,542",
7/10/2020 13:00,8/10/2020 13:00,"1,400",716,34,"883,413","27,980","424,193",
8/10/2020 13:00,9/10/2020 13:00,"1,300",919,55,"850,373","28,162","405,512",
9/10/2020 13:00,10/10/2020 13:00,"1,400",199,14,"813,499","26,862","389,153",
10/10/2020 13:00,11/10/2020 13:00,700,199,25,"661,270","21,871","336,633",
11/10/2020 13:00,12/10/2020 13:00,900,725,61,"651,165","23,011","341,519",
12/10/2020 13:00,13/10/2020 13:00,900,726,54,"648,450","23,830","334,891",
13/10/2020 13:00,14/10/2020 13:00,800,632,40,"686,083","24,264","346,758",
14/10/2020 13:00,15/10/2020 13:00,800,712,57,"667,026","23,931","338,603",
15/10/2020 13:00,16/10/2020 13:00,700,678,40,"664,629","23,301","335,379",
16/10/2020 13:00,17/10/2020 13:00,600,115,3,"685,973","22,723","351,370",
17/10/2020 13:00,18/10/2020 13:00,700,259,22,"507,853","17,751","276,278",
18/10/2020 13:00,19/10/2020 13:00,"1,200",651,42,"531,203","27,172","285,026",
19/10/2020 13:00,20/10/2020 13:00,600,673,50,"571,889","23,079","297,398",
20/10/2020 13:00,21/10/2020 13:00,700,610,45,"589,871","23,386","302,897",
21/10/2020 13:00,22/10/2020 13:00,"1,500",940,53,"659,093","34,105","331,599",
22/10/2020 13:00,23/10/2020 13:00,"2,900","1,048",68,"801,858","39,659","383,649",
23/10/2020 13:00,24/10/2020 13:00,"4,800",332,40,"1,009,392","58,636","461,094",
24/10/2020 13:00,25/10/2020 13:00,"4,000",383,32,"884,241","37,024","414,126",
25/10/2020 13:00,26/10/2020 13:00,"2,300",224,25,"716,933","28,827","356,442",
26/10/2020 13:00,27/10/2020 13:00,"2,800",919,86,"781,470","29,977","391,955",
27/10/2020 13:00,28/10/2020 13:00,"1,400",873,63,"833,970","30,477","407,609",
28/10/2020 13:00,29/10/2020 13:00,900,342,23,"821,192","28,710","399,927",
29/10/2020 13:00,30/10/2020 13:00,"1,100","2,028",79,"831,661","29,957","399,422",
30/10/2020 13:00,31/10/2020 13:00,700,396,19,"789,579","26,668","379,339",
31/10/2020 13:00,1/11/2020 13:00,"1,000",678,31,"620,472","23,179","318,968",
1/11/2020 13:00,2/11/2020 13:00,900,886,81,"652,280","22,366","338,274",
2/11/2020 13:00,3/11/2020 13:00,"1,200",864,89,"705,364","28,309","356,540",
3/11/2020 13:00,4/11/2020 13:00,"1,900","1,144",76,"786,483","32,340","388,506",
4/11/2020 13:00,5/11/2020 13:00,"1,825",304,24,"779,363","30,253","388,082",
5/11/2020 13:00,6/11/2020 13:00,"1,075","1,635",101,"791,581","27,544","387,718",
6/11/2020 13:00,7/11/2020 13:00,800,187,15,"821,200","29,611","388,484",
7/11/2020 13:00,8/11/2020 13:00,"1,100",295,24,"683,651","24,851","337,631",
8/11/2020 13:00,9/11/2020 13:00,"2,400",916,79,"732,384","34,132","369,357",
9/11/2020 13:00,10/11/2020 13:00,"1,711","1,183",72,"785,744","30,907","389,794",
10/11/2020 13:00,11/11/2020 13:00,"1,051",832,49,"800,548","27,638","392,149",
11/11/2020 13:00,12/11/2020 13:00,"1,138",931,52,"816,844","27,320","394,755",
12/11/2020 13:00,13/11/2020 13:00,"6,100","1,654",136,"1,055,844","58,012","488,294",
13/11/2020 13:00,14/11/2020 13:00,"2,700",367,34,"1,189,530","47,391","523,378",
14/11/2020 13:00,15/11/2020 13:00,"3,100",352,38,"1,004,796","34,938","460,816",
15/11/2020 13:00,16/11/2020 13:00,"3,200","1,149",103,"978,773","33,658","469,411",
16/11/2020 13:00,17/11/2020 13:00,"2,800","1,078",92,"1,019,949","34,304","482,552",
17/11/2020 13:00,18/11/2020 13:00,"2,200",984,70,"1,018,699","32,778","480,625",
18/11/2020 13:00,19/11/2020 13:00,"1,900","1,020",80,"1,024,815","31,323","480,886",
19/11/2020 13:00,20/11/2020 13:00,"2,300","1,102",63,"1,090,366","33,779","494,393",
20/11/2020 13:00,21/11/2020 13:00,"1,500",0,0,"1,071,269","31,395","479,784",
21/11/2020 13:00,22/11/2020 13:00,"1,200",0,0,"891,051","26,511","414,011",
22/11/2020 13:00,23/11/2020 13:00,"1,700","1,441",135,"869,695","25,488","422,397",
23/11/2020 13:00,24/11/2020 13:00,"1,300",267,22,"887,508","26,006","428,741",
24/11/2020 13:00,25/11/2020 13:00,"1,500","1,398",88,"847,903","29,461","423,462",
25/11/2020 13:00,26/11/2020 13:00,"1,400",909,54,"895,705","29,439","440,103",
26/11/2020 13:00,27/11/2020 13:00,"1,700",741,47,"940,347","30,972","447,271",
27/11/2020 13:00,28/11/2020 13:00,600,221,15,"909,835","29,456","421,681",
28/11/2020 13:00,29/11/2020 13:00,"1,200",262,25,"723,749","23,946","353,937",
29/11/2020 13:00,30/11/2020 13:00,"1,600",689,61,"715,865","23,704","367,113",
30/11/2020 13:00,1/12/2020 13:00,"1,200",699,66,"700,591","23,508","359,352",
1/12/2020 13:00,2/12/2020 13:00,"1,000",248,22,"709,860","22,702","367,175",
2/12/2020 13:00,3/12/2020 13:00,"1,000","1,166",74,"689,034","23,408","367,033",
3/12/2020 13:00,4/12/2020 13:00,"1,000",756,38,"688,691","22,981","354,406",
4/12/2020 13:00,5/12/2020 13:00,600,138,10,"639,690","22,135","325,398",
5/12/2020 13:00,6/12/2020 13:00,900,229,26,"515,188","17,980","275,902",
6/12/2020 13:00,7/12/2020 13:00,"1,000",560,42,"523,950","18,791","286,374",
7/12/2020 13:00,8/12/2020 13:00,800,508,39,"568,196","20,193","299,807",
8/12/2020 13:00,9/12/2020 13:00,400,172,17,"589,294","22,344","307,705",
9/12/2020 13:00,10/12/2020 13:00,,,,"595,270","24,152","318,903",
10/12/2020 13:00,11/12/2020 13:00,"3,500","1,112",85,"617,183","25,023","322,325",
11/12/2020 13:00,12/12/2020 13:00,"3,000",0,0,"587,022","28,082","299,901",
12/12/2020 13:00,13/12/2020 13:00,"2,000",696,67,"468,673","20,192","252,033",
13/12/2020 13:00,14/12/2020 13:00,"1,600",302,31,"509,036","21,367","275,298",
14/12/2020 13:00,15/12/2020 13:00,,,,"554,975","21,849","290,142",
15/12/2020 13:00,16/12/2020 13:00,"2,700","1,028",90,"570,406","23,668","295,860",
16/12/2020 13:00,17/12/2020 13:00,,,,"583,306","23,528","301,880",
17/12/2020 13:00,18/12/2020 13:00,"2,200",0,73,"585,912","22,922","297,201","351,430"
18/12/2020 13:00,19/12/2020 13:00,,,,"554,474","22,784","280,257","370,737"
19/12/2020 13:00,20/12/2020 13:00,"1,700",344,54,"461,592","18,344","240,690","380,108"
20/12/2020 13:00,21/12/2020 13:00,900,,,"519,622","21,150","268,954","390,749"
21/12/2020 13:00,22/12/2020 13:00,,,,"605,457","24,183","296,915",
22/12/2020 13:00,23/12/2020 13:00,"2,500","1,077",57,"615,943","24,223","299,364","416,493"
23/12/2020 13:00,24/12/2020 13:00,,,,"577,999","24,214","283,081",
24/12/2020 13:00,25/12/2020 13:00,"2,000",533,37,"223,398","11,682","141,071","426,021"
25/12/2020 13:00,26/12/2020 13:00,900,37,3,"170,465","7,482","102,079","411,617"
26/12/2020 13:00,27/12/2020 13:00,900,52,7,"307,734","12,913","173,399","418,880"
27/12/2020 13:00,28/12/2020 13:00,"1,000",63,5,"338,544","13,733","187,496","420,988"
28/12/2020 13:00,29/12/2020 13:00,"1,400",94,10,"412,311","18,132","220,731","428,521"
29/12/2020 13:00,30/12/2020 13:00,"1,300",156,14,"445,203","18,478","235,950","439,497"
30/12/2020 13:00,31/12/2020 13:00,"1,000",172,16,"446,104","18,501","236,166","447,060"
31/12/2020 13:00,1/01/2021 13:00,800,129,8,"309,168","14,416","182,271","451,582"
1/01/2021 13:00,2/01/2021 13:00,700,43,7,"278,535","11,495","166,682","446,841"
2/01/2021 13:00,3/01/2021 13:00,700,82,13,"330,248","13,720","189,924","453,751"
3/01/2021 13:00,4/01/2021 13:00,800,74,7,"327,680","14,104","187,948","457,881"
4/01/2021 13:00,5/01/2021 13:00,"1,300",128,20,"438,349","18,174","236,311","466,363"
5/01/2021 13:00,6/01/2021 13:00,"1,400",324,31,"500,376","21,655","262,933","481,515"
6/01/2021 13:00,7/01/2021 13:00,"1,500",462,30,"501,977","21,489","264,889","491,682"
7/01/2021 13:00,8/01/2021 13:00,"1,000",429,19,"506,489","19,942","265,919","498,802"
8/01/2021 13:00,9/01/2021 13:00,,,,"505,059","19,392","265,491",
9/01/2021 13:00,10/01/2021 13:00,"2,100",649,40,"394,332","15,598","223,806","507,388"
10/01/2021 13:00,11/01/2021 13:00,"1,100",205,23,"462,173","18,928","256,961","512,649"
11/01/2021 13:00,12/01/2021 13:00,"1,300",778,40,"518,882","20,660","279,268","521,231"
12/01/2021 13:00,13/01/2021 13:00,"1,300",895,59,"534,531","22,367","286,978","528,073"
13/01/2021 13:00,14/01/2021 13:00,"2,225",773,54,"574,565","27,048","309,516","538,827"
14/01/2021 13:00,15/01/2021 13:00,"1,995",815,49,"612,980","25,417","324,790","549,320"
15/01/2021 13:00,16/01/2021 13:00,"1,610",703,38,"590,310","24,760","311,248","555,824"
16/01/2021 13:00,17/01/2021 13:00,"1,466",175,21,"486,018","20,152","271,393","560,159"
17/01/2021 13:00,18/01/2021 13:00,"1,019",349,35,"548,084","22,524","305,225","566,272"
18/01/2021 13:00,19/01/2021 13:00,"3,598",837,55,"644,202","26,661","344,202","583,527"
19/01/2021 13:00,20/01/2021 13:00,"2,057","1,027",51,"654,463","25,586","347,391","592,212"
20/01/2021 13:00,21/01/2021 13:00,"1,890",824,49,"655,532","24,125","349,823","598,638"
21/01/2021 13:00,22/01/2021 13:00,"1,528",869,57,"658,453","24,024","348,232","602,697"
22/01/2021 13:00,23/01/2021 13:00,"1,510",795,37,"634,689","23,833","331,225","605,016"
23/01/2021 13:00,24/01/2021 13:00,"1,400",218,17,"521,035","20,487","287,715","605,751"
24/01/2021 13:00,25/01/2021 13:00,"16,226",905,114,"816,687","93,759","461,275","767,765"
25/01/2021 13:00,26/01/2021 13:00,"20,376","2,346",231,"1,071,807","63,414","557,435","859,369"
26/01/2021 13:00,27/01/2021 13:00,"9,796","2,150",155,"1,075,869","51,541","549,102","830,621"
27/01/2021 13:00,28/01/2021 13:00,"8,912","2,125",166,"1,157,334","68,167","613,262","936,585"
28/01/2021 13:00,29/01/2021 13:00,"12,777","3,084",169,"1,290,619","62,786","639,025","974,704"
29/01/2021 13:00,30/01/2021 13:00,"8,096","2,044",155,"1,278,866","54,268","619,131","981,792"
30/01/2021 13:00,31/01/2021 13:00,"4,792",639,84,"1,028,118","40,983","542,329","919,035"
31/01/2021 13:00,1/02/2021 13:00,"3,289",610,74,"922,672","35,018","490,794","915,542"
1/02/2021 13:00,2/02/2021 13:00,"2,834","1,005",98,"1,009,728","36,745","524,992","919,144"
2/02/2021 13:00,3/02/2021 13:00,"2,687","2,014",128,"1,044,780","37,236","539,091","924,263"
3/02/2021 13:00,4/02/2021 13:00,"2,201","1,522",97,"1,020,572","36,856","530,882","924,574"
4/02/2021 13:00,5/02/2021 13:00,"2,163","1,290",62,"1,033,473","37,058","528,189",
5/02/2021 13:00,6/02/2021 13:00,"1,774","3,567",84,"977,345","34,679","499,144","922,983"
6/02/2021 13:00,7/02/2021 13:00,"2,156",423,27,"836,143","30,943","441,935","915,797"
7/02/2021 13:00,8/02/2021 13:00,"1,674",256,34,"698,092","24,868","385,670","910,517"
8/02/2021 13:00,9/02/2021 13:00,"1,296",418,33,"832,417","27,843","449,218","917,995"
9/02/2021 13:00,10/02/2021 13:00,"1,587","1,208",61,"890,942","31,954","470,218","924,662"
10/02/2021 13:00,11/02/2021 13:00,"1,791","1,394",77,"884,826","29,968","465,242","924,712"
11/02/2021 13:00,12/02/2021 13:00,"1,315","1,259",59,"922,770","30,234","478,730","926,024"
12/02/2021 13:00,13/02/2021 13:00,869,"1,029",52,"893,569","28,415","456,892","924,998"
13/02/2021 13:00,14/02/2021 13:00,"1,062",259,13,"733,089","24,709","399,068","916,562"
14/02/2021 13:00,15/02/2021 13:00,"24,713","5,795",860,"1,280,192","112,348","710,488","1,118,638"
15/02/2021 13:00,16/02/2021 13:00,"28,865","7,551",861,"1,501,882","56,841","761,030","1,151,190"
16/02/2021 13:00,17/02/2021 13:00,"15,351","3,774",422,"1,575,279","49,613","784,965","1,132,751"
17/02/2021 13:00,18/02/2021 13:00,"16,312","3,773",352,"1,764,490","52,774","903,383","1,239,074"
18/02/2021 13:00,19/02/2021 13:00,"8,207","2,797",189,"1,855,215","48,600","875,124","1,186,056"
19/02/2021 13:00,20/02/2021 13:00,"4,874","2,332",99,"1,749,013","44,310","811,563","1,184,481"
20/02/2021 13:00,21/02/2021 13:00,"3,631",526,41,"1,403,031","34,417","711,368","1,170,410"
21/02/2021 13:00,22/02/2021 13:00,"3,590",592,51,"1,375,649","35,550","706,568","1,173,617"
22/02/2021 13:00,23/02/2021 13:00,"2,141","2,276",96,"1,354,932","35,832","687,554","1,171,288"
23/02/2021 13:00,24/02/2021 13:00,"3,347","3,657",91,"1,379,498","46,128","704,119","1,287,698"
24/02/2021 13:00,25/02/2021 13:00,"3,183","1,419",92,"1,394,916","40,590","710,571","1,180,357"
25/02/2021 13:00,26/02/2021 13:00,"2,475","1,689",92,"1,398,025","40,336","696,849","1,246,024"
26/02/2021 13:00,27/02/2021 13:00,"2,394","1,170",59,"1,390,579","40,613","691,210","1,228,252"
27/02/2021 13:00,28/02/2021 13:00,"8,224",627,76,"1,318,705","71,189","701,545","1,241,663"
28/02/2021 13:00,1/03/2021 13:00,"12,978","2,431",292,"1,520,542","48,199","807,694","1,234,818"
1/03/2021 13:00,2/03/2021 13:00,"9,358","2,912",342,"1,580,908","45,954","805,765","1,251,302"
2/03/2021 13:00,3/03/2021 13:00,"6,399","2,680",263,"1,573,565","41,690","815,036","1,260,789"
3/03/2021 13:00,4/03/2021 13:00,"3,681",0,0,"1,563,926","38,883","807,011","1,263,982"
4/03/2021 13:00,5/03/2021 13:00,"4,020","3,435",260,"1,531,893","34,242","788,296","1,265,891"
5/03/2021 13:00,6/03/2021 13:00,"3,350","1,165",69,"1,503,040","30,723","763,491","1,266,754"
6/03/2021 13:00,7/03/2021 13:00,"2,643",451,40,"1,438,171","27,514","731,898","1,258,171"
7/03/2021 13:00,8/03/2021 13:00,"2,936",681,64,"1,542,404","34,292","768,315","1,325,907"
8/03/2021 13:00,9/03/2021 13:00,"2,755","1,421",98,"1,499,547","35,552","752,534","1,278,845"
9/03/2021 13:00,10/03/2021 13:00,"2,010","1,269",82,"1,475,517","34,148","742,377","1,270,239"
10/03/2021 13:00,11/03/2021 13:00,"1,820","1,244",83,"1,418,387","33,105","736,489","1,264,676"
11/03/2021 13:00,12/03/2021 13:00,"1,703","1,367",76,"1,470,299","33,404","724,380","1,261,266"
12/03/2021 13:00,13/03/2021 13:00,"1,496","1,093",57,"1,344,252","30,589","661,487","1,254,171"
13/03/2021 13:00,14/03/2021 13:00,"1,257",288,34,"1,113,241","25,873","576,388","1,238,464"
14/03/2021 13:00,15/03/2021 13:00,"1,375",363,31,"1,108,817","27,938","588,538","1,242,956"
15/03/2021 13:00,16/03/2021 13:00,894,993,55,"1,135,947","28,098","594,123","1,240,704"
16/03/2021 13:00,17/03/2021 13:00,"1,125","1,014",61,"1,125,686","27,889","588,024","1,238,123"
17/03/2021 13:00,18/03/2021 13:00,"1,063",868,44,"1,106,553","28,071","584,514","1,233,952"
18/03/2021 13:00,19/03/2021 13:00,"1,096",880,49,"1,141,623","27,564","582,603","1,229,904"
19/03/2021 13:00,20/03/2021 13:00,"1,035",871,36,"1,105,331","26,028","556,381","1,224,961"
20/03/2021 13:00,21/03/2021 13:00,"1,313",287,13,"910,251","21,630","479,192","1,209,602"
21/03/2021 13:00,22/03/2021 13:00,"1,203",350,24,"910,638","22,879","492,134","1,213,891"
22/03/2021 13:00,23/03/2021 13:00,"1,190",923,54,"948,164","24,644","506,548","1,216,460"
23/03/2021 13:00,24/03/2021 13:00,"1,334","1,072",64,"978,103","26,936","517,609","1,290,529"
24/03/2021 13:00,25/03/2021 13:00,"1,195",907,65,"985,920","25,595","522,022","1,171,854"
25/03/2021 13:00,26/03/2021 13:00,"1,153",894,42,"1,009,700","26,806","523,382",
26/03/2021 13:00,27/03/2021 13:00,772,759,35,"962,393","23,831","491,183","1,210,573"
27/03/2021 13:00,28/03/2021 13:00,939,259,19,"802,264","20,161","426,384","1,231,104"
28/03/2021 13:00,29/03/2021 13:00,963,297,25,"800,547","21,567","438,349","1,240,280"
29/03/2021 13:00,30/03/2021 13:00,948,851,35,"838,045","22,369","451,950","1,248,264"
30/03/2021 13:00,31/03/2021 13:00,931,757,49,"878,935","23,778","462,849","1,260,010"
31/03/2021 13:00,1/04/2021 13:00,878,779,38,"934,686","24,625","483,762","1,266,251"
1/04/2021 13:00,2/04/2021 13:00,916,562,19,"597,130","17,954","355,999","1,262,585"
2/04/2021 13:00,3/04/2021 13:00,656,158,13,"618,417","15,608","335,266","1,239,163"
3/04/2021 13:00,4/04/2021 12:00,663,164,16,"600,523","17,115","334,594","1,241,514"
4/04/2021 12:00,5/04/2021 12:00,565,133,18,"429,795","12,996","262,450","1,230,418"
5/04/2021 12:00,6/04/2021 12:00,723,263,34,"731,813","19,258","393,473","1,255,721"
6/04/2021 12:00,7/04/2021 12:00,"1,238",729,48,"831,708","22,158","436,065","1,268,294"
7/04/2021 12:00,8/04/2021 12:00,"1,164",805,41,"821,186","24,132","432,945","1,271,286"
8/04/2021 12:00,9/04/2021 12:00,"1,075",930,51,"869,787","29,596","453,121","1,275,650"
9/04/2021 12:00,10/04/2021 12:00,946,807,27,"815,400","25,993","422,810","1,274,769"
10/04/2021 12:00,11/04/2021 12:00,773,248,12,"658,507","23,615","352,651","1,267,227"
11/04/2021 12:00,12/04/2021 12:00,777,374,20,"726,800","32,281","401,590","1,377,353"
12/04/2021 12:00,13/04/2021 12:00,843,806,33,"804,790","35,901","433,612","1,374,551"
13/04/2021 12:00,14/04/2021 12:00,843,747,52,"811,451","31,543","431,683","1,330,590"
14/04/2021 12:00,15/04/2021 12:00,977,700,32,"811,985","36,311","434,933","1,289,966"
15/04/2021 12:00,16/04/2021 12:00,902,829,39,"836,668","30,335","429,984","1,289,429"
16/04/2021 12:00,17/04/2021 12:00,"1,163",713,24,"789,065","27,790","403,888","1,286,469"
17/04/2021 12:00,18/04/2021 12:00,"1,034",287,23,"668,763","23,473","351,223","1,277,022"
18/04/2021 12:00,19/04/2021 12:00,"1,175",275,23,"679,096","26,601","369,736","1,284,847"
19/04/2021 12:00,20/04/2021 12:00,"2,247",722,40,"753,487","27,645","395,708","1,288,908"
20/04/2021 12:00,21/04/2021 12:00,"1,845",698,56,"767,555","34,023","406,016","1,351,780"
21/04/2021 12:00,22/04/2021 12:00,"1,572",765,44,"811,968","30,471","423,717","1,297,095"
22/04/2021 12:00,23/04/2021 12:00,"1,558",757,38,"815,719","29,274","419,034","1,296,298"
23/04/2021 12:00,24/04/2021 12:00,"1,584",506,25,"797,618","28,124","404,587","1,294,474"
24/04/2021 12:00,25/04/2021 12:00,"1,438",177,15,"573,768","25,380","311,922","1,283,744"
25/04/2021 12:00,26/04/2021 12:00,"1,192",178,17,"540,203","21,693","302,198","1,277,881"
26/04/2021 12:00,27/04/2021 12:00,"1,380",261,15,"659,593","26,636","355,975","1,292,388"
27/04/2021 12:00,28/04/2021 12:00,"1,367",669,43,"755,681","28,322","389,363","1,298,379"
28/04/2021 12:00,29/04/2021 12:00,"1,342",675,32,"749,977","27,375","388,423","1,299,289"
29/04/2021 12:00,30/04/2021 12:00,"1,405",797,35,"752,276","27,071","389,181","1,299,553"
30/04/2021 12:00,1/05/2021 12:00,"1,336",618,25,"721,928","26,284","369,823","1,297,133"
1/05/2021 12:00,2/05/2021 12:00,"1,165",93,12,"602,383","22,572","317,803","1,288,520"
2/05/2021 12:00,3/05/2021 12:00,981,286,18,"613,457","24,655","338,255","1,298,012"
3/05/2021 12:00,4/05/2021 12:00,"1,338",479,27,"662,583","25,370","355,889","1,300,661"
4/05/2021 12:00,5/05/2021 12:00,"1,179",826,44,"675,563","24,944","359,046","1,302,256"
5/05/2021 12:00,6/05/2021 12:00,"1,130",674,38,"682,839","26,846","363,638","1,302,359"
6/05/2021 12:00,7/05/2021 12:00,"1,393",591,17,"714,615","28,353","374,380","1,303,336"
7/05/2021 12:00,8/05/2021 12:00,"1,288",758,25,"679,625","26,006","352,438","1,301,205"
8/05/2021 12:00,9/05/2021 12:00,939,177,9,"561,481","21,242","299,247","1,292,770"
9/05/2021 12:00,10/05/2021 12:00,"1,122",136,15,"566,940","23,535","317,763","1,302,190"
10/05/2021 12:00,11/05/2021 12:00,"1,448",768,46,"612,179","24,559","333,154","1,303,359"
11/05/2021 12:00,12/05/2021 12:00,"1,174",691,31,"606,937","24,400","330,800","1,303,641"
12/05/2021 12:00,13/05/2021 12:00,"1,215",607,34,"624,099","24,878","337,524","1,302,858"
13/05/2021 12:00,14/05/2021 12:00,"1,186",648,38,"648,979","24,236","342,656","1,301,884"
14/05/2021 12:00,15/05/2021 12:00,976,542,15,"616,136","22,961","322,947","1,298,549"
15/05/2021 12:00,16/05/2021 12:00,"1,038",147,9,"537,733","19,999","284,900","1,289,290"
16/05/2021 12:00,17/05/2021 12:00,"1,136",235,17,"530,067","25,368","295,019","1,298,945"
17/05/2021 12:00,18/05/2021 12:00,"1,248",612,27,"551,232","23,832","303,896","1,331,697"
18/05/2021 12:00,19/05/2021 12:00,"1,066",551,27,"591,504","24,082","322,358","1,371,077"
19/05/2021 12:00,20/05/2021 12:00,"1,032",493,22,"600,929","23,142","326,557","1,304,588"
20/05/2021 12:00,21/05/2021 12:00,"1,037",672,24,"607,942","23,257","326,280","1,303,142"
21/05/2021 12:00,22/05/2021 12:00,"1,056",566,19,"576,419","21,427","299,730","1,300,029"
22/05/2021 12:00,23/05/2021 12:00,855,160,9,"489,344","18,529","261,315","1,290,406"
23/05/2021 12:00,24/05/2021 12:00,"1,015",117,19,"479,764","20,067","268,877","1,298,494"
24/05/2021 12:00,25/05/2021 12:00,"1,161",645,41,"520,808","22,023","286,602","1,300,515"
25/05/2021 12:00,26/05/2021 12:00,"1,017",560,30,"558,689","24,318","301,828","1,303,384"
26/05/2021 12:00,27/05/2021 12:00,923,535,30,"577,154","25,033","313,009","1,304,535"
27/05/2021 12:00,28/05/2021 12:00,802,608,35,"610,014","29,068","324,347","1,307,000"
28/05/2021 12:00,29/05/2021 12:00,"1,054",506,23,"585,880","26,866","309,943","1,304,612"
29/05/2021 12:00,30/05/2021 12:00,813,136,6,"474,721","22,112","255,175","1,297,379"
30/05/2021 12:00,31/05/2021 12:00,827,219,23,"449,683","23,102","256,187","1,303,456"
31/05/2021 12:00,1/06/2021 12:00,916,617,29,"507,053","24,411","281,826","1,306,235"
1/06/2021 12:00,2/06/2021 12:00,844,632,35,"553,375","29,310","300,753","1,329,251"
2/06/2021 12:00,3/06/2021 12:00,911,551,22,"572,387","27,105","309,351","1,418,055"
3/06/2021 12:00,4/06/2021 12:00,977,622,24,"591,893","25,711","313,616","1,428,554"
4/06/2021 12:00,5/06/2021 12:00,"1,078",577,25,"605,420","43,817","318,045","1,436,614"
5/06/2021 12:00,6/06/2021 12:00,787,154,24,"520,371","25,166","271,170","1,424,433"
6/06/2021 12:00,7/06/2021 12:00,843,116,8,"405,743","22,152","224,634","1,424,498"
7/06/2021 12:00,8/06/2021 12:00,"1,050",277,21,"473,167","26,048","266,503","1,435,934"
8/06/2021 12:00,9/06/2021 12:00,716,725,41,"552,520","27,004","297,801","1,438,991"
9/06/2021 12:00,10/06/2021 12:00,938,613,42,"557,223","26,460","299,793","1,439,912"
10/06/2021 12:00,11/06/2021 12:00,"1,189",669,39,"570,909","25,596","306,013","1,440,168"
11/06/2021 12:00,12/06/2021 12:00,"1,113",482,20,"539,639","22,935","286,327","1,439,058"
12/06/2021 12:00,13/06/2021 12:00,889,117,16,"449,575","20,424","242,941","1,432,431"
13/06/2021 12:00,14/06/2021 12:00,897,193,20,"445,543","22,488","252,590","1,439,201"
14/06/2021 12:00,15/06/2021 12:00,"1,002",543,41,"473,096","23,829","265,104","1,441,218"
15/06/2021 12:00,16/06/2021 12:00,907,546,27,"504,939","23,881","276,758","1,442,094"
16/06/2021 12:00,17/06/2021 12:00,972,516,19,"518,752","25,011","283,107","1,442,938"
17/06/2021 12:00,18/06/2021 12:00,"1,038",496,31,"531,555","24,685","286,469","1,442,705"
18/06/2021 12:00,19/06/2021 12:00,"1,122",473,31,"509,673","24,290","271,606","1,441,336"
19/06/2021 12:00,20/06/2021 12:00,"1,057",142,12,"415,347","19,518","226,835","1,435,191"
20/06/2021 12:00,21/06/2021 12:00,"1,003",211,14,"413,349","22,459","237,887","1,441,967"
21/06/2021 12:00,22/06/2021 12:00,"1,246",542,25,"471,812","23,751","262,074","1,444,165"
22/06/2021 12:00,23/06/2021 12:00,"1,237",592,40,"572,888","67,641","318,622","1,446,423"
23/06/2021 12:00,24/06/2021 12:00,"6,113","1,790",176,"896,020","106,825","482,433","1,475,236"
24/06/2021 12:00,25/06/2021 12:00,"3,685","1,243",87,"962,128","55,495","491,460","1,482,381"
25/06/2021 12:00,26/06/2021 12:00,"2,653",696,40,"942,675","48,511","475,317","1,476,297"
26/06/2021 12:00,27/06/2021 12:00,"2,333",245,30,"792,311","39,650","399,592","1,472,625"
27/06/2021 12:00,28/06/2021 12:00,"1,871",346,30,"755,387","48,068","404,930","1,481,350"
28/06/2021 12:00,29/06/2021 12:00,"2,797",858,82,"806,857","50,387","430,272","1,486,958"
29/06/2021 12:00,30/06/2021 12:00,"1,844",833,49,"806,370","39,896","434,548","1,494,143"
30/06/2021 12:00,1/07/2021 12:00,985,630,52,"858,836","38,574","448,953","1,495,931"
1/07/2021 12:00,2/07/2021 12:00,994,734,40,"845,183","35,533","436,388","1,493,706"
2/07/2021 12:00,3/07/2021 12:00,881,580,28,"815,327","33,307","418,608","1,491,864"
3/07/2021 12:00,4/07/2021 12:00,752,0,0,"704,155","29,384","356,799","1,484,382"
4/07/2021 12:00,5/07/2021 12:00,835,390,44,"660,733","31,315","357,404","1,491,245"
5/07/2021 12:00,6/07/2021 12:00,"1,066",666,33,"695,857","31,712","371,356","1,493,789"
6/07/2021 12:00,7/07/2021 12:00,"1,082",577,33,"703,983","33,116","372,903","1,495,009"
7/07/2021 12:00,8/07/2021 12:00,"1,077",607,32,"720,678","31,668","380,327","1,494,760"
8/07/2021 12:00,9/07/2021 12:00,"1,105",616,20,"726,853","31,573","379,057","1,494,548"
9/07/2021 12:00,10/07/2021 12:00,"1,152",583,29,"719,200","30,275","367,985","1,492,946"
10/07/2021 12:00,11/07/2021 12:00,"1,100",136,14,"628,482","26,973","324,897","1,485,271"
11/07/2021 12:00,12/07/2021 12:00,"1,009",257,23,"590,883","29,059","321,561","1,491,288"
12/07/2021 12:00,13/07/2021 12:00,"1,126",587,42,"657,443","30,418","346,003","1,493,767"
13/07/2021 12:00,14/07/2021 12:00,"1,117",521,29,"674,490","29,295","352,810","1,494,486"
14/07/2021 12:00,15/07/2021 12:00,"1,140",598,39,"696,182","30,319","361,282","1,495,008"
15/07/2021 12:00,16/07/2021 12:00,"1,190",596,28,"701,217","29,638","359,956","1,495,096"
16/07/2021 12:00,17/07/2021 12:00,973,423,26,"626,855","26,242","325,928","1,493,082"
17/07/2021 12:00,18/07/2021 12:00,818,139,12,"499,989","22,639","272,182","1,486,125"
18/07/2021 12:00,19/07/2021 12:00,853,232,30,"547,645","26,660","301,763","1,492,538"
19/07/2021 12:00,20/07/2021 12:00,688,608,33,"624,246","29,027","331,297","1,494,995"
20/07/2021 12:00,21/07/2021 12:00,791,579,51,"649,008","29,171","339,050","1,495,447"
21/07/2021 12:00,22/07/2021 12:00,753,523,31,"626,888","28,713","332,190","1,495,777"
22/07/2021 12:00,23/07/2021 12:00,847,593,32,"641,862","28,028","336,052","1,495,497"
23/07/2021 12:00,24/07/2021 12:00,789,493,19,"642,131","28,840","330,367","1,493,283"
24/07/2021 12:00,25/07/2021 12:00,523,135,16,"543,446","25,107","288,663","1,486,250"
25/07/2021 12:00,26/07/2021 12:00,448,212,20,"512,581","27,196","287,874","1,493,397"
26/07/2021 12:00,27/07/2021 12:00,619,565,34,"551,310","27,592","302,950","1,494,941"
27/07/2021 12:00,28/07/2021 12:00,526,667,31,"581,022","26,891","314,754","1,495,321"
28/07/2021 12:00,29/07/2021 12:00,546,544,32,"602,658","26,973","324,684","1,495,060"
29/07/2021 12:00,30/07/2021 12:00,511,569,37,"618,344","27,893","327,969","1,494,077"
30/07/2021 12:00,31/07/2021 12:00,520,556,20,"586,716","24,576","308,199","1,492,106"
31/07/2021 12:00,1/08/2021 12:00,477,118,12,"503,821","23,243","270,476","1,484,584"
1/08/2021 12:00,2/08/2021 12:00,444,194,15,"499,651","24,490","280,499","1,491,811"
2/08/2021 12:00,3/08/2021 12:00,457,592,36,"531,169","24,865","291,182","1,494,080"
3/08/2021 12:00,4/08/2021 12:00,425,669,30,"541,093","24,438","295,337","1,494,971"
4/08/2021 12:00,5/08/2021 12:00,479,650,41,"569,045","27,075","307,787","1,497,332"
5/08/2021 12:00,6/08/2021 12:00,463,592,33,"575,793","25,459","304,886","1,500,805"
6/08/2021 12:00,7/08/2021 12:00,395,499,21,"572,826","23,650","297,187","1,502,392"
7/08/2021 12:00,8/08/2021 12:00,302,121,12,"476,177","20,587","255,614","1,497,827"
8/08/2021 12:00,9/08/2021 12:00,361,182,15,"439,353","23,595","249,782","1,506,839"
9/08/2021 12:00,10/08/2021 12:00,439,700,36,"522,308","26,051","286,612","1,510,613"
10/08/2021 12:00,11/08/2021 12:00,430,605,39,"579,742","25,324","308,090","1,513,447"
11/08/2021 12:00,12/08/2021 12:00,605,694,42,"615,602","28,979","327,015","1,516,064"
12/08/2021 12:00,13/08/2021 12:00,616,864,44,"644,062","27,672","335,099","1,519,130"
13/08/2021 12:00,14/08/2021 12:00,571,594,26,"625,307","27,150","322,433","1,519,903"
14/08/2021 12:00,15/08/2021 12:00,446,147,17,"529,876","22,907","280,163","1,514,023"
15/08/2021 12:00,16/08/2021 12:00,465,208,18,"527,899","25,779","291,638","1,521,423"
16/08/2021 12:00,17/08/2021 12:00,489,297,41,"557,458","25,326","303,032","1,525,306"
17/08/2021 12:00,18/08/2021 12:00,"15,021","1,541",182,"762,083","255,338","502,653","1,580,427"
18/08/2021 12:00,19/08/2021 12:00,"21,294","2,525",505,"499,145","227,713","389,142","1,638,387"
19/08/2021 12:00,20/08/2021 12:00,"16,516","1,794",266,"556,320","168,733","430,357","1,681,791"
20/08/2021 12:00,21/08/2021 12:00,"15,474","2,044",182,"561,167","159,855","450,557","1,721,371"
21/08/2021 12:00,22/08/2021 12:00,"10,081","3,788",115,"479,145","142,760","392,055","1,748,434"
22/08/2021 12:00,23/08/2021 12:00,"31,525","2,548",549,"581,024","178,820","455,810","1,804,609"
23/08/2021 12:00,24/08/2021 12:00,"23,943","3,895",629,"706,590","132,542","527,780","1,848,914"
24/08/2021 12:00,25/08/2021 12:00,"15,425","6,370",567,"746,154","166,558","549,132","1,876,247"
25/08/2021 12:00,26/08/2021 12:00,"11,948","3,783",366,"753,985","123,498","551,133","1,898,203"
26/08/2021 12:00,27/08/2021 12:00,"9,675","11,095",321,"735,579","129,436","547,638","1,912,800"
27/08/2021 12:00,28/08/2021 12:00,"8,528","4,949",469,"672,606","124,971","514,771","1,926,154"
28/08/2021 12:00,29/08/2021 12:00,"6,242","1,586",348,"571,525","109,220","454,573","1,929,219"
29/08/2021 12:00,30/08/2021 12:00,"5,295","2,004",411,"606,478","126,450","472,036","1,942,930"
30/08/2021 12:00,31/08/2021 12:00,"5,930","6,921","1,025","687,145","106,801","506,368","1,954,689"
31/08/2021 12:00,1/09/2021 12:00,"12,152","11,258","1,585","986,700","108,022","670,370","1,970,029"
1/09/2021 12:00,2/09/2021 12:00,"9,285","6,394",587,"1,191,189","107,969","758,220","1,988,868"
2/09/2021 12:00,3/09/2021 12:00,"6,240","3,408",362,"1,177,402","94,952","752,324","1,999,219"
3/09/2021 12:00,4/09/2021 12:00,"4,423","1,783",170,"1,064,411","76,770","715,601","2,006,506"
4/09/2021 12:00,5/09/2021 12:00,"3,093",417,70,"856,516","67,955","616,174","2,003,733"
5/09/2021 12:00,6/09/2021 12:00,"3,231","1,174",186,"911,403","80,687","633,848","2,011,630"
6/09/2021 12:00,7/09/2021 12:00,"9,227","4,672",737,"1,022,930","106,012","673,829","2,024,796"
7/09/2021 12:00,8/09/2021 12:00,"9,146","-6,671",788,"1,628,551","95,474","882,600","2,040,623"
8/09/2021 12:00,9/09/2021 12:00,"13,916","4,265",653,"2,554,335","115,351","1,157,290","2,062,795"
9/09/2021 12:00,10/09/2021 12:00,"9,516","2,412",368,"2,654,455","100,302","1,173,491","2,078,535"
10/09/2021 12:00,11/09/2021 12:00,"6,850","5,380",352,"2,607,243","94,584","1,147,647","2,085,939"
11/09/2021 12:00,12/09/2021 12:00,"6,023",779,110,"2,205,713","76,144","1,028,200","2,085,707"
12/09/2021 12:00,13/09/2021 12:00,"3,330",773,84,"2,151,225","84,905","1,043,326","2,070,865"
13/09/2021 12:00,14/09/2021 12:00,"4,378","2,337",258,"2,344,207","86,142","1,094,139","2,105,551"
14/09/2021 12:00,15/09/2021 12:00,"4,306","2,238",178,"2,464,887","75,637","1,145,109","2,113,827"
15/09/2021 12:00,16/09/2021 12:00,"3,797","2,546",171,"2,485,042","71,274","1,137,270","2,119,341"
16/09/2021 12:00,17/09/2021 12:00,"3,358","1,728",95,"2,531,458","72,040","1,144,091","2,123,889"
17/09/2021 12:00,18/09/2021 12:00,"3,437","1,394",107,"2,607,465","66,812","1,167,530","2,127,948"
18/09/2021 12:00,19/09/2021 12:00,"2,895",453,56,"2,158,739","54,956","996,217","2,112,023"
19/09/2021 12:00,20/09/2021 12:00,"2,897",947,102,"2,133,796","71,069","1,031,020","2,131,212"
20/09/2021 12:00,21/09/2021 12:00,"3,248","3,682",430,"2,325,979","74,804","1,094,298","2,138,087"
21/09/2021 12:00,22/09/2021 12:00,"4,591","6,672",725,"2,516,810","74,213","1,178,154","2,144,832"
22/09/2021 12:00,23/09/2021 12:00,"2,778","4,331",426,"2,580,232","72,117","1,228,024","2,152,121"
23/09/2021 12:00,24/09/2021 12:00,"3,221","2,349",227,"2,694,136","68,087","1,226,744","2,153,920"
24/09/2021 12:00,25/09/2021 12:00,"2,667","1,406",115,"2,724,650","62,505","1,225,187","2,157,980"
25/09/2021 12:00,26/09/2021 13:00,"2,435",525,76,"2,358,464","54,487","1,094,535","2,150,668"
26/09/2021 13:00,27/09/2021 13:00,"2,130",877,94,"2,205,426","60,666","1,076,583","2,159,272"
27/09/2021 13:00,28/09/2021 13:00,"2,151","2,526",168,"2,367,210","59,962","1,129,394","2,161,062"
28/09/2021 13:00,29/09/2021 13:00,"2,153","1,734",111,"2,482,182","58,540","1,177,423","2,163,416"
29/09/2021 13:00,30/09/2021 13:00,"2,185","1,970",143,"2,555,941","64,351","1,191,633","2,170,807"
30/09/2021 13:00,1/10/2021 13:00,"2,125","1,592",135,"2,620,649","59,868","1,203,713","2,171,998"
1/10/2021 13:00,2/10/2021 13:00,"1,937","1,095",88,"2,603,510","55,321","1,202,486","2,171,360"
2/10/2021 13:00,3/10/2021 13:00,"1,888",640,61,"2,129,196","54,472","1,032,070","2,161,356"
3/10/2021 13:00,4/10/2021 13:00,"2,885",788,94,"2,171,629","79,653","1,066,084","2,175,137"
4/10/2021 13:00,5/10/2021 13:00,"2,847","1,965",185,"2,320,267","69,074","1,121,002","2,181,836"
5/10/2021 13:00,6/10/2021 13:00,"3,030","2,041",158,"2,472,547","70,802","1,160,298","2,185,260"
6/10/2021 13:00,7/10/2021 13:00,"2,093","1,759",150,"2,548,671","68,119","1,187,988","2,188,039"
7/10/2021 13:00,8/10/2021 13:00,"2,872","4,854",172,"2,603,366","66,709","1,206,057","2,191,056"
8/10/2021 13:00,9/10/2021 13:00,"2,660","1,956",130,"2,592,473","70,828","1,187,664","2,191,967"
9/10/2021 13:00,10/10/2021 13:00,"2,384",635,62,"2,091,855","64,782","1,028,063","2,182,913"
10/10/2021 13:00,11/10/2021 13:00,"2,429",863,133,"2,172,143","76,084","1,089,182","2,194,367"
11/10/2021 13:00,12/10/2021 13:00,"2,870","2,277",177,"2,270,072","69,105","1,094,745","2,199,507"
12/10/2021 13:00,13/10/2021 13:00,"2,465","2,101",130,"2,345,507","62,191","1,121,139","2,204,172"
13/10/2021 13:00,14/10/2021 13:00,"2,437","1,993",134,"2,444,298","67,446","1,170,071","2,207,006"
14/10/2021 13:00,15/10/2021 13:00,"2,336","1,772",123,"2,598,052","65,611","1,202,839","2,209,149"
15/10/2021 13:00,16/10/2021 13:00,"2,269","1,294",70,"2,559,649","89,153","1,197,057","2,209,499"
16/10/2021 13:00,17/10/2021 13:00,"2,100",482,35,"2,046,666","61,681","1,023,566","2,203,644"
17/10/2021 13:00,18/10/2021 13:00,"1,974",824,86,"2,000,645","62,040","1,018,201","2,215,093"
18/10/2021 13:00,19/10/2021 13:00,"1,939","1,876",119,"2,205,094","59,983","1,090,311","2,219,179"
19/10/2021 13:00,20/10/2021 13:00,"1,881","1,896",126,"2,379,938","62,345","1,146,992","2,221,385"
20/10/2021 13:00,21/10/2021 13:00,"1,916","1,832",103,"2,491,998","58,964","1,189,331","2,223,676"
21/10/2021 13:00,22/10/2021 13:00,"2,026","1,859",146,"2,526,750","61,282","1,180,162","2,224,581"
22/10/2021 13:00,23/10/2021 13:00,"1,674","1,547",110,"2,535,212","59,556","1,162,240","2,221,221"
23/10/2021 13:00,24/10/2021 13:00,"2,299",541,47,"2,054,704","54,248","990,569","2,209,275"
24/10/2021 13:00,25/10/2021 13:00,"1,819",565,72,"1,735,394","51,237","888,804","2,208,517"
25/10/2021 13:00,26/10/2021 13:00,"1,889",899,86,"2,098,760","67,303","1,052,607","2,228,014"
26/10/2021 13:00,27/10/2021 13:00,"2,292","1,826",126,"2,355,521","63,751","1,139,601","2,233,964"
27/10/2021 13:00,28/10/2021 13:00,"2,735","2,071",143,"2,529,110","82,979","1,181,674","2,237,257"
28/10/2021 13:00,29/10/2021 13:00,"4,340","2,299",159,"2,630,837","74,077","1,208,648","2,243,351"
29/10/2021 13:00,30/10/2021 13:00,"2,846","2,484",108,"2,661,057","63,966","1,219,656","2,243,869"
30/10/2021 13:00,31/10/2021 13:00,"2,362","1,124",68,"2,099,538","58,752","1,024,185","2,234,999"
31/10/2021 13:00,1/11/2021 13:00,"2,206","1,741",80,"2,131,598","63,988","1,066,255","2,246,461"
1/11/2021 13:00,2/11/2021 13:00,"2,221","2,307",127,"2,287,615","59,660","1,116,534","2,250,224"
2/11/2021 13:00,3/11/2021 13:00,"2,109","4,294",122,"2,380,796","58,646","1,138,441","2,253,341"
3/11/2021 13:00,4/11/2021 13:00,"2,065","1,515",93,"2,431,378","54,938","1,149,055","2,255,543"
4/11/2021 13:00,5/11/2021 13:00,"1,359","2,129",114,"2,554,887","54,067","1,183,926","2,254,709"
5/11/2021 13:00,6/11/2021 13:00,"1,811","1,530",80,"2,605,961","53,693","1,175,656","2,257,417"
6/11/2021 13:00,7/11/2021 13:00,"1,640",578,55,"2,100,453","45,459","1,018,028","2,241,618"
7/11/2021 13:00,8/11/2021 13:00,"1,572",752,56,"2,107,315","56,007","1,052,868","2,257,795"
8/11/2021 13:00,9/11/2021 13:00,"1,945","2,348",132,"2,272,601","56,930","1,103,509","2,261,224"
9/11/2021 13:00,10/11/2021 13:00,"2,069","1,923",116,"2,507,625","51,379","1,164,141","2,263,723"
10/11/2021 13:00,11/11/2021 13:00,"2,328","1,723",89,"2,743,078","51,921","1,237,395","2,267,403"
11/11/2021 13:00,12/11/2021 13:00,"2,432","1,801",102,"2,841,427","55,476","1,244,241","2,268,929"
12/11/2021 13:00,13/11/2021 13:00,"2,688","1,804",89,"2,890,646","55,548","1,219,070","2,268,054"
13/11/2021 13:00,14/11/2021 13:00,"2,706",832,57,"2,425,183","51,787","1,071,036","2,260,811"
14/11/2021 13:00,15/11/2021 13:00,"2,091","1,057",87,"2,452,754","60,466","1,136,180","2,275,280"
15/11/2021 13:00,16/11/2021 13:00,"2,884","2,287",126,"2,529,250","56,239","1,164,205","2,278,397"
16/11/2021 13:00,17/11/2021 13:00,"2,914","1,891",110,"2,666,963","60,644","1,212,710","2,283,352"
17/11/2021 13:00,18/11/2021 13:00,"4,150","2,374",157,"2,779,505","64,038","1,255,793","2,290,146"
18/11/2021 13:00,19/11/2021 13:00,"4,209","2,046",129,"3,020,230","58,402","1,283,600","2,294,413"
19/11/2021 13:00,20/11/2021 13:00,"3,432","2,419",86,"3,108,738","52,324","1,301,165","2,294,561"
20/11/2021 13:00,21/11/2021 13:00,"3,065",758,65,"2,587,797","49,622","1,140,990","2,286,776"
21/11/2021 13:00,22/11/2021 13:00,"3,340","1,023",86,"2,508,329","58,244","1,149,461","2,301,154"
22/11/2021 13:00,23/11/2021 13:00,"4,513","2,133",168,"2,644,296","57,338","1,202,348","2,308,451"
23/11/2021 13:00,24/11/2021 13:00,"4,531","2,267",201,"2,780,443","51,876","1,244,928","2,313,599"
24/11/2021 13:00,25/11/2021 13:00,"4,250","2,073",166,"2,926,715","48,612","1,278,581","2,319,198"
25/11/2021 13:00,26/11/2021 13:00,"4,214","1,873",155,"3,297,478","49,643","1,344,622","2,322,549"
26/11/2021 13:00,27/11/2021 13:00,"3,848","2,740",140,"3,510,641","46,135","1,371,678","2,324,989"
27/11/2021 13:00,28/11/2021 13:00,"3,722",855,67,"2,853,863","42,132","1,179,564","2,314,648"
28/11/2021 13:00,29/11/2021 13:00,"4,111","1,045",103,"2,715,601","52,169","1,194,105","2,331,803"
29/11/2021 13:00,30/11/2021 13:00,"5,392","2,467",236,"2,731,732","54,573","1,227,924","2,339,697"
30/11/2021 13:00,1/12/2021 13:00,"5,120","2,710",226,"2,851,125","48,281","1,260,647","2,345,810"
1/12/2021 13:00,2/12/2021 13:00,"4,225","2,994",241,"2,981,407","49,362","1,299,941","2,351,244"
2/12/2021 13:00,3/12/2021 13:00,"6,940","3,479",307,"3,335,017","51,369","1,391,241","2,359,015"
3/12/2021 13:00,4/12/2021 13:00,"7,873","3,011",187,"3,581,181","43,991","1,437,349","2,363,718"
4/12/2021 13:00,5/12/2021 13:00,"5,613","1,027",82,"2,983,293","38,760","1,238,099","2,355,435"
5/12/2021 13:00,6/12/2021 13:00,"4,640","1,280",131,"2,764,367","44,927","1,225,343","2,368,841"
6/12/2021 13:00,7/12/2021 13:00,"4,001","4,763",184,"2,873,610","45,034","1,267,570","2,370,845"
7/12/2021 13:00,8/12/2021 13:00,"3,449","2,202",124,"3,113,755","43,867","1,329,764","2,377,696"
8/12/2021 13:00,9/12/2021 13:00,"3,261","2,679",124,"3,237,463","42,523","1,369,159","2,380,924"
9/12/2021 13:00,10/12/2021 13:00,"2,942","1,998",92,"3,436,103","40,292","1,404,803","2,381,168"
10/12/2021 13:00,11/12/2021 13:00,"2,709","1,653",80,"3,544,078","37,385","1,407,499","2,383,117"
11/12/2021 13:00,12/12/2021 13:00,"2,539",730,73,"2,958,019","35,295","1,213,057","2,370,670"
12/12/2021 13:00,13/12/2021 13:00,"2,594",836,83,"2,851,873","42,063","1,218,669","2,383,324"
13/12/2021 13:00,14/12/2021 13:00,"2,453","2,251",77,"2,885,400","41,577","1,247,389","2,388,741"
14/12/2021 13:00,15/12/2021 13:00,"1,903","2,850",111,"3,049,568","40,988","1,288,517","2,393,593"
15/12/2021 13:00,16/12/2021 13:00,"2,547","1,399",106,"3,217,790","40,947","1,341,754","2,395,251"
16/12/2021 13:00,17/12/2021 13:00,"2,602","1,447",70,"3,527,357","44,103","1,404,331","2,396,926"
17/12/2021 13:00,18/12/2021 13:00,"2,462","1,472",59,"3,589,729","41,510","1,388,068","2,395,845"
18/12/2021 13:00,19/12/2021 13:00,"4,599","2,006",93,"3,008,537","34,724","1,214,255","2,381,480"
19/12/2021 13:00,20/12/2021 13:00,"4,136",641,48,"3,031,552","43,133","1,247,447","2,391,916"
20/12/2021 13:00,21/12/2021 13:00,"4,096","1,242",60,"3,349,322","43,178","1,330,780","2,397,195"
21/12/2021 13:00,22/12/2021 13:00,"2,164","1,175",60,"3,594,283","43,458","1,379,131","2,399,595"
22/12/2021 13:00,23/12/2021 13:00,"2,129","1,106",48,"3,824,603","43,645","1,431,839","2,401,547"
23/12/2021 13:00,24/12/2021 13:00,"1,992",858,36,"3,962,799","38,882","1,450,129","2,398,880"
24/12/2021 13:00,25/12/2021 13:00,"1,667",427,21,"1,690,753","24,553","846,846","2,389,232"
25/12/2021 13:00,26/12/2021 13:00,"1,941",186,16,"1,160,341","25,750","555,326","2,366,538"
26/12/2021 13:00,27/12/2021 13:00,"1,678",448,40,"2,125,133","40,571","940,792","2,367,700"
27/12/2021 13:00,28/12/2021 13:00,"1,973",223,18,"2,240,408","43,563","983,998","2,360,372"
28/12/2021 13:00,29/12/2021 13:00,"3,845",267,17,"2,501,981","45,424","1,063,434","2,367,886"
29/12/2021 13:00,30/12/2021 13:00,"3,923",447,24,"2,675,388","52,021","1,153,451","2,368,018"
30/12/2021 13:00,31/12/2021 13:00,"1,946","1,053",64,"2,734,787","46,115","1,156,881","2,368,003"
31/12/2021 13:00,1/01/2022 13:00,"1,471",951,74,"1,939,903","34,942","945,174","2,358,838"
1/01/2022 13:00,2/01/2022 13:00,"2,474",166,18,"1,606,284","34,161","834,911","2,347,783"
2/01/2022 13:00,3/01/2022 13:00,"1,114",217,24,"1,931,395","39,550","924,262","2,355,346"
3/01/2022 13:00,4/01/2022 13:00,"2,159",264,39,"2,037,691","38,875","945,906","2,357,470"
4/01/2022 13:00,5/01/2022 13:00,"2,286",596,83,"2,387,172","44,692","1,055,639","2,369,378"
5/01/2022 13:00,6/01/2022 13:00,"2,267",969,92,"2,601,088","45,841","1,115,923","2,376,314"
6/01/2022 13:00,7/01/2022 13:00,"1,430",715,54,"2,639,749","42,414","1,115,346","2,378,921"
7/01/2022 13:00,8/01/2022 13:00,"1,428","1,341",92,"2,541,357","38,656","1,103,128","2,377,535"
8/01/2022 13:00,9/01/2022 13:00,"1,097","1,028",72,"2,019,985","38,631","969,764","2,373,170"
9/01/2022 13:00,10/01/2022 13:00,"1,160",558,50,"2,213,306","45,618","1,031,117","2,389,121"
10/01/2022 13:00,11/01/2022 13:00,"1,424","1,664",88,"2,400,356","42,319","1,075,487","2,388,887"
11/01/2022 13:00,12/01/2022 13:00,"1,377","3,147",154,"2,430,757","43,491","1,094,233","2,389,939"
12/01/2022 13:00,13/01/2022 13:00,"1,479","3,161",139,"2,539,145","41,539","1,131,622","2,401,197"
13/01/2022 13:00,14/01/2022 13:00,"1,443","1,166",67,"2,626,652","39,826","1,143,404","2,401,938"
14/01/2022 13:00,15/01/2022 13:00,"4,259","1,298",79,"2,585,732","36,897","1,152,342","2,400,283"
15/01/2022 13:00,16/01/2022 13:00,"1,146","1,835",122,"2,101,324","32,135","990,041","2,387,398"
16/01/2022 13:00,17/01/2022 13:00,803,"1,046",82,"2,180,944","42,619","1,026,020","2,401,475"
17/01/2022 13:00,18/01/2022 13:00,"1,405","1,913",109,"2,363,625","43,029","1,095,619","2,407,106"
18/01/2022 13:00,19/01/2022 13:00,"1,309","1,541",65,"2,426,370","38,343","1,105,443","2,407,014"
19/01/2022 13:00,20/01/2022 13:00,"2,634","2,023",93,"2,469,964","39,208","1,121,303","2,408,117"
20/01/2022 13:00,21/01/2022 13:00,"1,497","1,902",89,"2,627,756","41,402","1,163,343","2,409,806"
21/01/2022 13:00,22/01/2022 13:00,"1,354","1,653",79,"2,638,178","38,193","1,156,739","2,406,088"
22/01/2022 13:00,23/01/2022 13:00,"2,486","2,224",124,"2,164,410","43,070","1,018,342","2,389,590"
23/01/2022 13:00,24/01/2022 13:00,"2,761","2,817",269,"2,287,284","56,983","1,085,256","2,407,832"
24/01/2022 13:00,25/01/2022 13:00,"2,390","5,229",421,"2,478,368","53,376","1,158,536","2,418,117"
25/01/2022 13:00,26/01/2022 13:00,"1,511","3,994",212,"2,563,887","50,163","1,165,285","2,420,385"
26/01/2022 13:00,27/01/2022 13:00,"3,665","2,989",170,"2,632,427","51,377","1,197,675","2,423,714"
27/01/2022 13:00,28/01/2022 13:00,"2,131","2,834",179,"2,763,662","49,302","1,246,497","2,425,768"
28/01/2022 13:00,29/01/2022 13:00,"1,788","2,202",105,"2,761,460","45,866","1,203,349","2,423,715"
29/01/2022 13:00,30/01/2022 13:00,"1,427",799,64,"2,226,370","43,757","1,041,331","2,406,450"
30/01/2022 13:00,31/01/2022 13:00,"2,861",0,0,"2,062,018","47,944","1,009,004","2,412,771"
31/01/2022 13:00,1/02/2022 13:00,"1,736",0,0,"2,329,160","50,651","1,096,162","2,429,003"
1/02/2022 13:00,2/02/2022 13:00,"1,887",0,0,"2,468,171","50,237","1,147,853","2,433,927"
2/02/2022 13:00,3/02/2022 13:00,"1,835","7,594",384,"2,451,861","45,295","1,156,112","2,436,118"
3/02/2022 13:00,4/02/2022 13:00,"1,579","10,229",490,"2,547,963","42,483","1,154,138","2,434,408"
4/02/2022 13:00,5/02/2022 13:00,"1,220","1,958",78,"2,513,616","38,299","1,130,373","2,431,921"
5/02/2022 13:00,6/02/2022 13:00,"2,323","1,958",78,"2,024,142","35,530","952,120","2,413,051"
6/02/2022 13:00,7/02/2022 13:00,975,0,0,"1,658,095","35,066","824,660","2,400,634"
7/02/2022 13:00,8/02/2022 13:00,900,0,0,"2,051,044","50,391","999,005","2,430,754"
8/02/2022 13:00,9/02/2022 13:00,"1,301","4,177",216,"2,262,691","47,199","1,082,892","2,435,706"
9/02/2022 13:00,10/02/2022 13:00,"1,293","6,459",305,"2,281,010","46,391","1,078,888","2,435,988"
10/02/2022 13:00,11/02/2022 13:00,"1,351","1,953",94,"2,389,225","49,511","1,107,762","2,437,387"
11/02/2022 13:00,12/02/2022 13:00,"1,163","1,605",72,"2,399,417","42,849","1,104,209","2,434,803"
12/02/2022 13:00,13/02/2022 13:00,"1,088",623,37,"1,834,610","36,193","888,319","2,421,736"
13/02/2022 13:00,14/02/2022 13:00,"1,238",976,62,"1,885,552","52,378","945,286","2,430,494"
14/02/2022 13:00,15/02/2022 13:00,"1,449","2,183",102,"2,181,453","51,935","1,060,337","2,433,774"
15/02/2022 13:00,16/02/2022 13:00,"1,479","4,861",207,"2,152,143","47,947","1,037,776","2,437,220"
16/02/2022 13:00,17/02/2022 13:00,"1,385","4,786",190,"2,197,423","50,500","1,052,730","2,435,520"
17/02/2022 13:00,18/02/2022 13:00,"2,810","1,963",90,"2,269,146","46,340","1,075,685","2,433,239"
18/02/2022 13:00,19/02/2022 13:00,"1,233","3,176",127,"2,298,982","42,944","1,054,390","2,435,281"
19/02/2022 13:00,20/02/2022 13:00,"1,087","1,213",37,"1,867,379","37,651","905,060","2,418,782"
20/02/2022 13:00,21/02/2022 13:00,"1,943",0,0,"1,853,119","50,311","932,984","2,432,151"
21/02/2022 13:00,22/02/2022 13:00,"2,252","3,864",215,"1,920,187","49,896","953,087","2,435,716"
22/02/2022 13:00,23/02/2022 13:00,"1,454",0,0,"1,966,528","47,164","962,433","2,423,557"
23/02/2022 13:00,24/02/2022 13:00,"1,439","4,081",171,"2,014,912","50,417","984,908","2,437,549"
24/02/2022 13:00,25/02/2022 13:00,"1,415","1,944",74,"2,032,684","44,315","969,545","2,434,664"
25/02/2022 13:00,26/02/2022 13:00,"1,175","1,107",55,"1,952,314","40,472","926,012","2,420,109"
26/02/2022 13:00,27/02/2022 13:00,"2,144","1,630",88,"1,485,276","34,071","742,727","2,398,997"
27/02/2022 13:00,28/02/2022 13:00,"1,022",606,34,"1,440,473","42,806","741,988","2,411,719"
28/02/2022 13:00,1/03/2022 13:00,"1,196","1,592",65,"1,500,089","38,090","758,420","2,414,449"
1/03/2022 13:00,2/03/2022 13:00,"1,236","1,347",41,"1,510,311","37,687","760,736","2,414,108"
2/03/2022 13:00,3/03/2022 13:00,"1,098","1,451",36,"1,489,043","33,112","755,058","2,412,775"
3/03/2022 13:00,4/03/2022 13:00,"1,042","1,216",51,"1,513,258","33,227","748,055","2,409,794"
4/03/2022 13:00,5/03/2022 13:00,950,"1,066",29,"1,495,941","28,760","726,448","2,403,097"
5/03/2022 13:00,6/03/2022 13:00,866,374,28,"1,175,702","26,713","605,224","2,384,016"
6/03/2022 13:00,7/03/2022 13:00,942,448,28,"1,148,157","33,416","606,907","2,397,674"
7/03/2022 13:00,8/03/2022 13:00,"1,098","1,128",40,"1,196,084","35,124","620,836","2,398,961"
8/03/2022 13:00,9/03/2022 13:00,"1,052","1,123",30,"1,224,364","32,386","630,317","2,398,434"
9/03/2022 13:00,10/03/2022 13:00,706,"1,128",43,"1,224,358","31,307","629,830","2,397,192"
10/03/2022 13:00,11/03/2022 13:00,892,"1,011",35,"1,241,517","29,670","627,643","2,395,518"
11/03/2022 13:00,12/03/2022 13:00,813,806,24,"1,238,969","27,099","612,785","2,389,679"
12/03/2022 13:00,13/03/2022 13:00,751,291,16,"963,893","24,299","504,385","2,371,361"
13/03/2022 13:00,14/03/2022 13:00,775,406,20,"947,105","30,047","510,908","2,381,889"
14/03/2022 13:00,15/03/2022 13:00,878,"1,094",37,"1,024,937","28,860","538,230","2,384,044"
15/03/2022 13:00,16/03/2022 13:00,808,967,35,"1,048,790","28,883","544,671","2,383,541"
16/03/2022 13:00,17/03/2022 13:00,846,"1,006",28,"1,052,661","27,250","547,939","2,382,645"
17/03/2022 13:00,18/03/2022 13:00,817,909,22,"1,058,363","25,178","541,824","2,379,271"
18/03/2022 13:00,19/03/2022 13:00,671,795,17,"1,028,822","23,234","516,723","2,372,993"
19/03/2022 13:00,20/03/2022 13:00,696,230,13,"807,380","20,534","426,619","2,355,603"
20/03/2022 13:00,21/03/2022 13:00,495,300,16,"706,467","24,140","392,525","2,365,259"
21/03/2022 13:00,22/03/2022 13:00,709,845,29,"778,304","24,588","423,150","2,366,609"
22/03/2022 13:00,23/03/2022 13:00,745,817,20,"800,234","25,499","431,117","2,365,843"
23/03/2022 13:00,24/03/2022 13:00,599,606,21,"661,609","19,395","363,305","2,360,491"
24/03/2022 13:00,25/03/2022 13:00,434,433,5,"618,162","16,953","336,863","2,349,645"
25/03/2022 13:00,26/03/2022 13:00,417,339,8,"483,693","15,701","276,009","2,338,761"
26/03/2022 13:00,27/03/2022 13:00,332,132,8,"256,605","13,324","162,858","2,314,940"
27/03/2022 13:00,28/03/2022 13:00,349,136,7,"233,346","15,717","153,226","2,320,514"
28/03/2022 13:00,29/03/2022 13:00,383,202,2,"225,311","15,085","146,677","2,316,563"
29/03/2022 13:00,30/03/2022 13:00,384,268,9,"207,258","14,148","135,055","2,310,897"
30/03/2022 13:00,31/03/2022 13:00,358,220,5,"189,428","12,916","124,934","2,305,089"
31/03/2022 13:00,1/04/2022 13:00,368,183,4,"172,017","11,719","114,334","2,298,718"
1/04/2022 13:00,2/04/2022 13:00,330,201,3,"141,840","10,646","95,531","2,288,543"
2/04/2022 13:00,3/04/2022 12:00,298,55,3,"93,252","8,974","66,339","2,268,383"
3/04/2022 12:00,4/04/2022 12:00,323,57,5,"100,279","11,502","71,351","2,277,474"
4/04/2022 12:00,5/04/2022 12:00,242,125,6,"99,111","10,923","68,491","2,274,261"
5/04/2022 12:00,6/04/2022 12:00,302,100,5,"85,914","9,977","59,330","2,269,258"
6/04/2022 12:00,7/04/2022 12:00,284,96,2,"79,259","9,439","55,156","2,263,858"
7/04/2022 12:00,8/04/2022 12:00,246,86,3,"73,431","8,641","50,698","2,256,268"
8/04/2022 12:00,9/04/2022 12:00,215,101,4,"59,915","7,819","42,087","2,246,090"
9/04/2022 12:00,10/04/2022 12:00,228,-151,4,"41,307","6,945","29,942","2,226,779"
10/04/2022 12:00,11/04/2022 12:00,213,50,3,"45,292","7,909","33,408","2,235,147"
11/04/2022 12:00,12/04/2022 12:00,257,55,4,"52,964","8,407","37,165","2,233,139"
12/04/2022 12:00,13/04/2022 12:00,202,87,6,"51,427","8,112","35,544","2,229,189"
13/04/2022 12:00,14/04/2022 12:00,252,82,4,"48,797","7,788","33,648","2,223,177"
14/04/2022 12:00,15/04/2022 12:00,179,74,3,"30,878","5,762","22,451","2,211,185"
15/04/2022 12:00,16/04/2022 12:00,171,12,1,"17,572","4,742","13,970","2,180,361"
16/04/2022 12:00,17/04/2022 12:00,160,18,1,"21,240","5,634","15,728","2,165,725"
17/04/2022 12:00,18/04/2022 12:00,145,3,0,"11,897","5,082","10,123","2,159,874"
18/04/2022 12:00,19/04/2022 12:00,161,2,0,"24,662","7,292","18,333","2,175,291"
19/04/2022 12:00,20/04/2022 12:00,193,1,2,"31,439","7,474","22,134","2,176,028"
20/04/2022 12:00,21/04/2022 12:00,189,79,2,"30,717","7,437","21,680","2,170,957"
21/04/2022 12:00,22/04/2022 12:00,178,57,6,"28,997","6,676","20,673","2,163,939"
22/04/2022 12:00,23/04/2022 12:00,166,49,1,"23,125","5,753","17,088","2,152,937"
23/04/2022 12:00,24/04/2022 12:00,107,12,2,"17,225","5,489","13,183","2,131,214"
24/04/2022 12:00,25/04/2022 12:00,126,21,1,"11,113","4,939","9,424","2,124,399"
25/04/2022 12:00,26/04/2022 12:00,178,6,3,"20,410","6,538","15,763","2,134,949"
26/04/2022 12:00,27/04/2022 12:00,192,71,3,"26,308","6,922","18,823","2,133,094"
27/04/2022 12:00,28/04/2022 12:00,169,33,2,"25,092","6,286","18,006","2,127,978"
28/04/2022 12:00,29/04/2022 12:00,170,43,2,"23,822","6,031","17,207","2,121,820"
29/04/2022 12:00,30/04/2022 12:00,122,71,3,"19,026","5,894","13,978","2,113,078"
30/04/2022 12:00,1/05/2022 12:00,123,17,4,"13,294","4,631","10,200","2,097,179"
1/05/2022 12:00,2/05/2022 12:00,157,37,0,"17,314","5,724","13,438","2,105,160"
2/05/2022 12:00,3/05/2022 12:00,197,52,1,"20,814","5,756","15,185","2,103,196"
3/05/2022 12:00,4/05/2022 12:00,208,48,0,"21,009","6,042","15,063","2,098,761"
4/05/2022 12:00,5/05/2022 12:00,178,7,1,"20,386","5,702","14,658","2,093,964"
5/05/2022 12:00,6/05/2022 12:00,163,84,2,"19,308","5,593","13,974","2,088,737"
6/05/2022 12:00,7/05/2022 12:00,148,34,0,"15,676","5,167","11,425","2,080,330"
7/05/2022 12:00,8/05/2022 12:00,132,8,1,"10,747","4,603","8,422","2,063,484"
8/05/2022 12:00,9/05/2022 12:00,188,9,1,"13,348","5,221","10,487","2,071,509"
9/05/2022 12:00,10/05/2022 12:00,161,46,3,"16,398","5,535","11,962","2,069,907"
10/05/2022 12:00,11/05/2022 12:00,167,0,0,"16,791","5,536","12,125","2,065,709"
11/05/2022 12:00,12/05/2022 12:00,170,0,0,"16,501","5,259","11,907","2,060,985"
12/05/2022 12:00,13/05/2022 12:00,127,0,0,"15,809","5,261","11,259","2,056,140"
13/05/2022 12:00,14/05/2022 12:00,123,0,0,"12,532","5,176","9,280","2,048,376"
14/05/2022 12:00,15/05/2022 12:00,103,0,0,"8,573","4,486","6,940","2,033,618"
15/05/2022 12:00,16/05/2022 12:00,118,0,0,"10,851","5,258","8,549","2,041,046"
16/05/2022 12:00,17/05/2022 12:00,123,0,0,"13,748","5,362","10,142","2,039,623"
17/05/2022 12:00,18/05/2022 12:00,137,0,0,"13,883","4,924","10,107","2,036,628"
18/05/2022 12:00,19/05/2022 12:00,107,0,0,"14,077","5,425","10,341","2,033,158"
19/05/2022 12:00,20/05/2022 12:00,120,0,0,"12,565","4,866","9,210","2,029,208"
20/05/2022 12:00,21/05/2022 12:00,110,0,0,"9,706","4,488","7,457","2,022,153"
21/05/2022 12:00,22/05/2022 12:00,110,0,0,"7,440","4,207","6,039","2,007,609"
22/05/2022 12:00,23/05/2022 12:00,121,0,0,"9,552","4,945","7,777","2,017,651"
23/05/2022 12:00,24/05/2022 12:00,106,0,0,"12,574","5,241","9,126","2,013,864"
24/05/2022 12:00,25/05/2022 12:00,143,0,0,"12,636","5,435","9,219","2,012,259"
25/05/2022 12:00,26/05/2022 12:00,120,0,0,"12,590","4,947","9,148","2,008,995"
26/05/2022 12:00,27/05/2022 12:00,106,0,0,"11,639","4,864","8,496","2,005,286"
27/05/2022 12:00,28/05/2022 12:00,81,0,0,"9,060","4,101","6,895","1,998,223"
28/05/2022 12:00,29/05/2022 12:00,77,0,0,"6,406","3,988","5,406","1,983,176"
29/05/2022 12:00,30/05/2022 12:00,92,0,0,"7,883","4,567","6,459","1,991,807"
30/05/2022 12:00,31/05/2022 12:00,124,0,0,"10,055","4,839","7,588","1,992,146"
31/05/2022 12:00,1/06/2022 12:00,106,0,0,"10,739","4,759","7,952","1,990,144"
1/06/2022 12:00,2/06/2022 12:00,90,0,0,"10,483","4,608","7,616","1,987,597"
2/06/2022 12:00,3/06/2022 12:00,94,0,0,"9,862","4,662","7,377","1,984,956"
3/06/2022 12:00,4/06/2022 12:00,85,0,0,"7,802","3,821","5,977","1,976,409"
4/06/2022 12:00,5/06/2022 12:00,74,0,0,"5,707","3,640","4,817","1,958,323"
5/06/2022 12:00,6/06/2022 12:00,68,0,0,"4,541","3,796","3,961","1,953,063"
6/06/2022 12:00,7/06/2022 12:00,105,0,0,"7,328","4,583","6,072","1,967,215"
7/06/2022 12:00,8/06/2022 12:00,106,0,0,"9,718","4,945","7,095","1,967,229"
8/06/2022 12:00,9/06/2022 12:00,102,0,0,"9,596","4,996","7,017","1,963,971"
9/06/2022 12:00,10/06/2022 12:00,90,0,0,"8,692","4,329","6,557","1,960,186"
10/06/2022 12:00,11/06/2022 12:00,82,0,0,"6,815","3,984","5,323","1,953,640"
11/06/2022 12:00,12/06/2022 12:00,101,0,0,"4,807","3,360","4,078","1,940,345"
12/06/2022 12:00,13/06/2022 12:00,90,0,0,"6,289","4,085","5,117","1,947,594"
13/06/2022 12:00,14/06/2022 12:00,101,0,0,"7,585","4,177","5,922","1,945,763"
14/06/2022 12:00,15/06/2022 12:00,113,0,0,"8,367","4,485","6,244","1,942,510"
15/06/2022 12:00,16/06/2022 12:00,79,0,0,"8,436","4,369","6,256","1,938,829"
16/06/2022 12:00,17/06/2022 12:00,83,0,0,"8,331","4,123","6,044","1,934,757"
17/06/2022 12:00,18/06/2022 12:00,64,0,0,"6,221","3,774","4,896","1,928,104"
18/06/2022 12:00,19/06/2022 12:00,62,0,0,"4,426","3,375","3,758","1,914,373"
19/06/2022 12:00,20/06/2022 12:00,84,0,0,"5,856","3,965","4,944","1,920,642"
20/06/2022 12:00,21/06/2022 12:00,80,0,0,"7,004","4,472","5,423","1,918,946"
21/06/2022 12:00,22/06/2022 12:00,89,0,0,"7,527","4,276","5,704","1,916,267"
22/06/2022 12:00,23/06/2022 12:00,73,0,0,"7,915","4,052","5,758","1,913,468"
23/06/2022 12:00,24/06/2022 12:00,59,0,0,"5,448","3,777","4,367","1,907,035"
24/06/2022 12:00,25/06/2022 12:00,70,0,0,"3,847","3,094","3,437","1,891,338"
25/06/2022 12:00,26/06/2022 12:00,52,0,0,"3,926","3,606","3,532","1,883,946"
26/06/2022 12:00,27/06/2022 12:00,78,0,0,"5,515","4,199","4,586","1,895,978"
27/06/2022 12:00,28/06/2022 12:00,110,0,0,"6,878","4,306","5,279","1,896,591"
28/06/2022 12:00,29/06/2022 12:00,65,0,0,"6,975","4,550","5,367","1,895,295"
29/06/2022 12:00,30/06/2022 12:00,38,0,0,"6,970","4,051","5,268","1,892,357"
30/06/2022 12:00,1/07/2022 12:00,40,0,0,"7,042","4,283","5,242","1,889,080"
1/07/2022 12:00,2/07/2022 12:00,26,0,0,"5,486","3,758","4,334","1,882,839"
2/07/2022 12:00,3/07/2022 12:00,20,0,0,"3,796","3,164","3,378","1,869,494"
3/07/2022 12:00,4/07/2022 12:00,30,0,0,"5,353","4,124","4,482","1,875,573"
4/07/2022 12:00,5/07/2022 12:00,31,0,0,"6,513","4,383","5,086","1,874,745"
5/07/2022 12:00,6/07/2022 12:00,15,0,0,"6,676","4,730","5,106","1,872,404"
6/07/2022 12:00,7/07/2022 12:00,6,0,0,"6,727","4,328","5,180","1,869,714"
7/07/2022 12:00,8/07/2022 12:00,6,0,0,"6,576","4,218","4,975","1,866,800"
8/07/2022 12:00,9/07/2022 12:00,5,0,0,"4,872","3,671","4,036","1,861,916"
9/07/2022 12:00,10/07/2022 12:00,2,0,0,"3,525","3,570","3,298","1,849,243"
10/07/2022 12:00,11/07/2022 12:00,0,0,0,"4,776","4,506","4,259","1,854,249"
11/07/2022 12:00,12/07/2022 12:00,2,0,0,"5,281","4,067","4,400","1,854,097"
12/07/2022 12:00,13/07/2022 12:00,3,0,0,"5,827","4,194","4,647","1,853,190"
13/07/2022 12:00,14/07/2022 12:00,1,0,0,"6,188","4,477","4,943","1,850,277"
14/07/2022 12:00,15/07/2022 12:00,1,0,0,"5,973","4,377","4,751","1,847,390"
15/07/2022 12:00,16/07/2022 12:00,1,0,0,"4,925","3,931","4,016","1,841,617"
16/07/2022 12:00,17/07/2022 12:00,1,0,0,"3,473","3,382","3,279","1,829,409"
17/07/2022 12:00,18/07/2022 12:00,3,0,0,"4,633","4,230","4,114","1,835,921"
